ID,HasRevenue
0,0.001947625639218
1,0.002739376395972
2,0.001709320041479
3,0.031357017128196
4,0.002022990724066
5,0.001610599139859
6,0.004606638912175
7,0.002732921171007
8,0.002207602837091
9,0.990177009586287
10,0.001817221091899
11,0.002769494377136
12,0.002236287371062
13,0.00325304207534
14,0.001996730830744
15,0.00178256872837
16,0.002846116803062
17,0.002341360678274
18,0.020528559672533
19,0.001918112605093
20,0.995276637824705
21,0.002363210857904
22,0.004150972800349
23,0.870029048565519
24,0.001860753699591
25,0.001841086028319
26,0.001865824406791
27,0.001943155200755
28,0.002416684346995
29,0.009535797842003
30,0.084157221957185
31,0.003014550180053
32,0.528906610513307
33,0.001763405768569
34,0.001700220049762
35,0.007740239618631
36,0.001759940869905
37,0.001816665991258
38,0.004044187742667
39,0.001739363146776
40,0.001981683589802
41,0.009237856155293
42,0.003516845255706
43,0.990753731180601
44,0.001818296296813
45,0.002318665993524
46,0.012083857044777
47,0.002388298314656
48,0.00172697356358
49,0.006800750796044
50,0.002010244289589
51,0.001789031446007
52,0.002585009845199
53,0.00250317640117
54,0.00345671574611
55,0.001928072250841
56,0.001745116322753
57,0.001791901967388
58,0.001675249432393
59,0.001711956304411
60,0.001814192361651
61,0.006362416203936
62,0.031559451238905
63,0.002006711569073
64,0.00213738863468
65,0.002444481285405
66,0.209307904744707
67,0.07448090272263
68,0.975450674134422
69,0.996969297641618
70,0.010029299384516
71,0.009075175538941
72,0.017609824210852
73,0.002102022205571
74,0.001694120350231
75,0.003501111159199
76,0.005033560522613
77,0.003246974981198
78,0.007952371854138
79,0.002882126934945
80,0.002315116609751
81,0.418360900856159
82,0.885542007971495
83,0.010014564263453
84,0.998696186039006
85,0.002118855071049
86,0.002031536886856
87,0.996918499048131
88,0.006648796056069
89,0.002262312966489
90,0.032932850577337
91,0.012224384660973
92,0.602779073918834
93,0.002183839331753
94,0.945256825594242
95,0.614279156849547
96,0.028471092939229
97,0.001667019637239
98,0.001803381050527
99,0.00203621955099
100,0.896956332638446
101,0.001958912513158
102,0.06578389690876
103,0.002380495230082
104,0.002144803545238
105,0.119994335615051
106,0.986255163174522
107,0.001690354297406
108,0.998985024641238
109,0.002911287201925
110,0.017566000225573
111,0.002086301198014
112,0.001798084288214
113,0.986895786209867
114,0.003640384850182
115,0.003315328034199
116,0.563655909739753
117,0.001767184068755
118,0.001778385537965
119,0.001905130750271
120,0.100186475122052
121,0.007493757033149
122,0.425074793749382
123,0.002767933381235
124,0.115937024001267
125,0.002023411273488
126,0.001728321461208
127,0.001676340474306
128,0.680595393393785
129,0.018243822789052
130,0.0020484360068
131,0.137979750243084
132,0.003281981803703
133,0.008686596428616
134,0.002309115614912
135,0.003684754398127
136,0.018372931543301
137,0.002769877582492
138,0.991232190242321
139,0.669251985628241
140,0.569569998061805
141,0.002078514034525
142,0.002024217437872
143,0.010081694182138
144,0.013314953724998
145,0.113196924237653
146,0.001618429062318
147,0.002526037029277
148,0.055414063152375
149,0.003744636206543
150,0.00684351128571
151,0.0026332302131
152,0.453840458229999
153,0.486970805908738
154,0.00158049108209
155,0.001922412346035
156,0.005195457339257
157,0.002509554914611
158,0.013998585545399
159,0.002321085769631
160,0.079283485085032
161,0.002165665582923
162,0.001648117200336
163,0.002093792334184
164,0.485706914230013
165,0.00205060571604
166,0.003093523748855
167,0.004259883733154
168,0.003996038001051
169,0.001672082231027
170,0.003711616130954
171,0.00158049108209
172,0.011746593589983
173,0.004074620887773
174,0.003686973025577
175,0.001896379341763
176,0.002433170563638
177,0.985493322002887
178,0.016795998950969
179,0.002045061264817
180,0.32810485445477
181,0.004250545799364
182,0.001891215683464
183,0.020557915353201
184,0.01215348837059
185,0.941611836505889
186,0.003378236058742
187,0.002457630020532
188,0.004916223828121
189,0.002516751637351
190,0.002048661513149
191,0.001706426554561
192,0.001624542087937
193,0.891231489483123
194,0.001837806602171
195,0.007403701727823
196,0.001717274507784
197,0.002393096182553
198,0.019512342838789
199,0.001643709012502
200,0.001897107424797
201,0.001736331332912
202,0.002366746579764
203,0.00187523671719
204,0.195085087752323
205,0.002356785202895
206,0.004582836286539
207,0.002926814052934
208,0.96973505926996
209,0.002088742318338
210,0.001915868540886
211,0.001677668291127
212,0.002516058471793
213,0.005800949478252
214,0.653382633678528
215,0.002114653229026
216,0.002409850209036
217,0.002788892070145
218,0.001670082104177
219,0.002580118901471
220,0.002284861544281
221,0.00614129775428
222,0.005823138335408
223,0.013525068562498
224,0.001941947602621
225,0.530137555833206
226,0.002162918837545
227,0.005000254127222
228,0.001827874193507
229,0.002256953991693
230,0.009563197162618
231,0.005269977261524
232,0.07212595959242
233,0.019146022444858
234,0.006407415588728
235,0.00458834274118
236,0.007190430427061
237,0.009094990648605
238,0.003408967108124
239,0.014284374786493
240,0.006421539030675
241,0.002184558820167
242,0.455067141624588
243,0.003043020181967
244,0.00411180405904
245,0.00854773754176
246,0.013832766032718
247,0.001742385125316
248,0.843726519859806
249,0.004642122399092
250,0.001691920243948
251,0.078733659264014
252,0.001990029697792
253,0.33579801572386
254,0.995298886127572
255,0.998225201150623
256,0.964647239318631
257,0.002823151249383
258,0.989010647335977
259,0.007346959575262
260,0.001704153199748
261,0.00231969442897
262,0.739679348902122
263,0.001880266655639
264,0.001971075538888
265,0.005672175535368
266,0.003135054205395
267,0.001908874064974
268,0.002092866466026
269,0.009157676579339
270,0.294898928648108
271,0.418517150840281
272,0.241083565217781
273,0.671945596209158
274,0.001990931452851
275,0.01649168045598
276,0.015999226266195
277,0.996216831349464
278,0.98492509623977
279,0.002059243117586
280,0.005421358607876
281,0.00320476398168
282,0.004370399432835
283,0.003954763717633
284,0.007456079676525
285,0.56413525275333
286,0.002474266829868
287,0.002951055372957
288,0.903621935778008
289,0.003725587602014
290,0.001957403534323
291,0.678038955005079
292,0.001777548296472
293,0.005046352711188
294,0.001835739496018
295,0.020101934176254
296,0.002011004149925
297,0.02194730037796
298,0.998137159012087
299,0.004313176232611
300,0.023177972944704
301,0.00183647186747
302,0.002663630637936
303,0.003313361581708
304,0.002335606027191
305,0.011074160256
306,0.001793220883115
307,0.14398615188918
308,0.003315227802666
309,0.002193626687584
310,0.9965280091116
311,0.001869982499849
312,0.00158049108209
313,0.005726391258734
314,0.004002845173268
315,0.001736377697519
316,0.001721168800479
317,0.974578087574293
318,0.005541096873057
319,0.023948482709604
320,0.102007149643309
321,0.965636842503336
322,0.004760960690036
323,0.00194332600645
324,0.001634012441456
325,0.894059069425786
326,0.121133591071945
327,0.010483261720374
328,0.979173587578891
329,0.002128685493974
330,0.005408911930497
331,0.009017977192155
332,0.003074877121319
333,0.002141790838746
334,0.002233919835485
335,0.002150715213955
336,0.002283080541692
337,0.988827413327312
338,0.010603036623553
339,0.089958331523215
340,0.775289015439298
341,0.009195371511263
342,0.002688564078287
343,0.008859089601846
344,0.002468342550841
345,0.001940054230852
346,0.007875710223694
347,0.001743926315467
348,0.172007372741865
349,0.998648410629796
350,0.00540397122965
351,0.007884810017305
352,0.060277521727013
353,0.00728349435859
354,0.002122743659764
355,0.004085524263684
356,0.009819485807082
357,0.001757531673309
358,0.020687493782622
359,0.002281586301297
360,0.002174369975838
361,0.589095682241005
362,0.001673487972992
363,0.002704662090891
364,0.015273085467909
365,0.006329635660621
366,0.002331685142349
367,0.002182231374964
368,0.934305355303667
369,0.802646062901075
370,0.902477761021828
371,0.003031065764842
372,0.001761286790992
373,0.006388530874577
374,0.002165355293604
375,0.002583462152602
376,0.002355365408444
377,0.021888735308838
378,0.005531487169819
379,0.001893892079901
380,0.003487475223521
381,0.004675885720365
382,0.037080756203704
383,0.001826807162403
384,0.002039367408967
385,0.002559559993431
386,0.001812142151657
387,0.001724992842311
388,0.007640755948862
389,0.006302575216848
390,0.002459718215985
391,0.995950751607658
392,0.794204272940803
393,0.002447381640301
394,0.002248989628064
395,0.045602938745808
396,0.811506656636064
397,0.010149124131431
398,0.004793748798433
399,0.008652088770096
400,0.004448242228857
401,0.001960067564242
402,0.001658637054455
403,0.572435995331665
404,0.02362902510791
405,0.159362265920097
406,0.01561213592933
407,0.006194812567678
408,0.00190289159679
409,0.004240324704079
410,0.37152527135511
411,0.001698701035785
412,0.002933394693639
413,0.00182543753465
414,0.008796242887785
415,0.011465516161607
416,0.251877676287342
417,0.001755662477058
418,0.00647395135797
419,0.00479992541248
420,0.002479723781369
421,0.991236632404444
422,0.002352584143137
423,0.880191361477117
424,0.001916519890421
425,0.005443012079783
426,0.001752558191714
427,0.002656465779591
428,0.453807482386317
429,0.358612361876192
430,0.002066449866862
431,0.002227454495376
432,0.995951068901834
433,0.002571382131254
434,0.00270637143836
435,0.015237083258179
436,0.02852019626589
437,0.002285441562774
438,0.001740706742803
439,0.002013909693527
440,0.003381027685289
441,0.011495165459871
442,0.017718020136245
443,0.006892542797157
444,0.001895946517923
445,0.205444688328666
446,0.002832563141013
447,0.352285506796432
448,0.002368283258794
449,0.002026611978579
450,0.003732442655212
451,0.001816944246205
452,0.003058622889061
453,0.065099245009467
454,0.002353496098812
455,0.683834926592401
456,0.003675178581367
457,0.127392827014199
458,0.875017788386664
459,0.001794712682653
460,0.002748293527722
461,0.008299654931359
462,0.007661928058817
463,0.001945441614862
464,0.002207830632079
465,0.001990701831001
466,0.009160729791912
467,0.002337831482679
468,0.001762422458861
469,0.002940222604125
470,0.002930003396672
471,0.003185667493025
472,0.001835914325567
473,0.007226987156537
474,0.001749042596644
475,0.001777042052085
476,0.002294809663669
477,0.002070572516276
478,0.987214642606426
479,0.002734135484859
480,0.274096813985612
481,0.998892850300082
482,0.717093993587159
483,0.001714790730933
484,0.003508683576343
485,0.004924192591758
486,0.001775386104371
487,0.001814616081959
488,0.354586534193686
489,0.993343680193676
490,0.021018097916156
491,0.002622058981738
492,0.002568871087146
493,0.007046808043444
494,0.002321932137
495,0.978331763876564
496,0.004182241464977
497,0.002132526657849
498,0.007612843463005
499,0.004204601855414
500,0.04346897653785
501,0.001742402915068
502,0.024695561306809
503,0.36971910737343
504,0.318783902510346
505,0.0082528984943
506,0.001790034234428
507,0.001717847089314
508,0.002887276236971
509,0.002073429337091
510,0.02454215355182
511,0.26781241204909
512,0.025943379196569
513,0.002018588460833
514,0.005127313601301
515,0.893278841085872
516,0.001682953657998
517,0.00256369680477
518,0.002006972150793
519,0.002098832182007
520,0.001986710636029
521,0.002181499731932
522,0.0205956427242
523,0.005663624202149
524,0.005490714441703
525,0.002234922653176
526,0.009399154423161
527,0.93239353633289
528,0.008953171673146
529,0.001884824603773
530,0.002292890070115
531,0.001994274484306
532,0.003434303395463
533,0.001920315810514
534,0.002470729249325
535,0.001975968297019
536,0.959964043093866
537,0.013462752347127
538,0.001890466495118
539,0.759503482065672
540,0.793371690164308
541,0.00182869397471
542,0.056220677522347
543,0.004174618384116
544,0.002270087114225
545,0.001714946453492
546,0.002274303746141
547,0.002495935266458
548,0.002284128077151
549,0.001682981275037
550,0.006092591718428
551,0.00267832150644
552,0.002558700473377
553,0.003456020936592
554,0.015531106084649
555,0.002907835738455
556,0.001947223314118
557,0.679103599213341
558,0.014422634251055
559,0.001676286149357
560,0.010082911637775
561,0.002546655679263
562,0.001689737130283
563,0.002475528196276
564,0.002760882887126
565,0.00203228355756
566,0.001805837773763
567,0.99680810541191
568,0.995048157614356
569,0.964626334597133
570,0.001874858933251
571,0.051082731133519
572,0.007203690542262
573,0.002418512786559
574,0.003031883399028
575,0.994651701167608
576,0.008359039224893
577,0.003003975707667
578,0.002725824809902
579,0.975687045207512
580,0.002043537236113
581,0.016351843040608
582,0.003507428069766
583,0.002325008120738
584,0.002575954438807
585,0.004317591488142
586,0.005110148511862
587,0.647527145897991
588,0.455871533369072
589,0.013710138209152
590,0.001814536656408
591,0.015853561871879
592,0.002117587017625
593,0.619415547151274
594,0.002415836949143
595,0.996778596716625
596,0.002972563783854
597,0.00616348267715
598,0.002156748743741
599,0.002252921453926
600,0.001909925910248
601,0.001910486550834
602,0.002150771265833
603,0.009069701619962
604,0.001887998841422
605,0.024555370667372
606,0.001809902525899
607,0.001725755368662
608,0.002062534618045
609,0.001970624325542
610,0.010977507269461
611,0.004057356695455
612,0.00293742599684
613,0.00282542357731
614,0.002056520565361
615,0.997899184206003
616,0.002396404464419
617,0.002267486048782
618,0.316815520014404
619,0.002119546766584
620,0.001628244455652
621,0.403130322334112
622,0.001775304010514
623,0.008598023415654
624,0.001846149198686
625,0.003025826555062
626,0.600323225819208
627,0.011810986301418
628,0.001665621301898
629,0.983073809663638
630,0.998159545679912
631,0.001745873722523
632,0.002271832212087
633,0.003139235539286
634,0.003066558974832
635,0.021129020028396
636,0.001703522647126
637,0.001886810998925
638,0.001738482869217
639,0.002484705136146
640,0.002006375030393
641,0.006207195264227
642,0.078835715710236
643,0.001886461162343
644,0.002004783951909
645,0.015551967473312
646,0.00193464839482
647,0.013493284893629
648,0.944895101164812
649,0.002905744514343
650,0.004042445324985
651,0.004999696590908
652,0.363192394742519
653,0.001942946213678
654,0.659316877200615
655,0.006390185308512
656,0.160321040731643
657,0.00175993031273
658,0.013530272087046
659,0.002033799082787
660,0.002078713780296
661,0.004087170639503
662,0.002176711999361
663,0.043502114134855
664,0.002087590324038
665,0.022754042534897
666,0.004591730272094
667,0.002709564282058
668,0.009563567457485
669,0.254080643886197
670,0.00518440082914
671,0.003267430426086
672,0.004488804029513
673,0.003014961479499
674,0.34446645101826
675,0.006980836239701
676,0.002533343541906
677,0.003949891405961
678,0.895626264475683
679,0.003925716691896
680,0.001991663088793
681,0.005115283615953
682,0.001606842094415
683,0.960713095776825
684,0.001728608551849
685,0.684601271483159
686,0.004761314573041
687,0.061520254379762
688,0.003194166881461
689,0.98822166893484
690,0.001979557988235
691,0.998985370783712
692,0.006769189299611
693,0.102595044974548
694,0.002409908909391
695,0.078572236573144
696,0.002273380083444
697,0.983364638541084
698,0.010236070893898
699,0.001992509907752
700,0.533669979640128
701,0.004151109430641
702,0.001905832429407
703,0.996690446078189
704,0.069528071481495
705,0.003399777458942
706,0.002993502590114
707,0.001957046458031
708,0.003597102742177
709,0.00304950316895
710,0.384964510998712
711,0.003931576518185
712,0.010238202823193
713,0.004712536909262
714,0.003966733917202
715,0.005240848930727
716,0.956579134969843
717,0.002836985285797
718,0.09852189041492
719,0.002809153060506
720,0.00180475806833
721,0.014916760412926
722,0.001677175747416
723,0.003154840062989
724,0.002773036088166
725,0.003474858234254
726,0.004766328653637
727,0.002017574463789
728,0.00183355149324
729,0.632009304185917
730,0.010518182147802
731,0.002346901896346
732,0.022800614483896
733,0.993758504987988
734,0.014859200245227
735,0.002032919406916
736,0.002409372825754
737,0.034868652300963
738,0.002707625254768
739,0.001712759649935
740,0.001589715755563
741,0.45715830599745
742,0.003467214018635
743,0.001792069410017
744,0.004680294975189
745,0.001730169855503
746,0.002531619281969
747,0.007006958970078
748,0.001718574377669
749,0.002537628454486
750,0.003079234351212
751,0.002130274728378
752,0.001852667571539
753,0.960018877008167
754,0.998757174054553
755,0.018880106131251
756,0.005273000543558
757,0.964971048749898
758,0.002386097209391
759,0.972428457611578
760,0.015263170756942
761,0.002142823817464
762,0.009209426169225
763,0.007120549521077
764,0.003282265618697
765,0.002187917705682
766,0.002022182425696
767,0.001670856584843
768,0.001797660246958
769,0.251513351150607
770,0.001794095100342
771,0.986686131085951
772,0.005551445833373
773,0.00160043400178
774,0.004536009771205
775,0.001813830838589
776,0.984469803631243
777,0.169059161013878
778,0.885121867693276
779,0.001946158485487
780,0.959887239952786
781,0.328209036230101
782,0.001883545315461
783,0.002172985342926
784,0.009838689794005
785,0.001819783278961
786,0.004037046794222
787,0.963747836910056
788,0.0016563420716
789,0.014935108392417
790,0.821264759855794
791,0.084490292591416
792,0.001732522039678
793,0.005704742638333
794,0.002566900132485
795,0.001847559764471
796,0.998229389692713
797,0.992943341729235
798,0.002359745781419
799,0.688209247773387
800,0.892105309591238
801,0.004374342884372
802,0.006890558944287
803,0.002611344501679
804,0.001868068859988
805,0.001761991848513
806,0.005196242553166
807,0.001790129689887
808,0.003014062984795
809,0.005802363441333
810,0.361136389330217
811,0.001785120594968
812,0.005492635940518
813,0.344226708283844
814,0.00870625625196
815,0.001711208052341
816,0.00478938733957
817,0.004099857803332
818,0.001878234575629
819,0.001724489321044
820,0.005068611749137
821,0.001857383625258
822,0.014686266054286
823,0.002101999696688
824,0.00266939040404
825,0.937239071571157
826,0.002933970356176
827,0.990394456316019
828,0.001807429027456
829,0.002121651535014
830,0.002154421053959
831,0.002050171357826
832,0.906782598086798
833,0.003410764892185
834,0.004315815019345
835,0.015603046774307
836,0.003707004338849
837,0.002259581835194
838,0.002212025029235
839,0.008452645475102
840,0.002003421730254
841,0.005539917254342
842,0.825264923450556
843,0.002526903405643
844,0.997662780600505
845,0.005052745540823
846,0.001980791760876
847,0.001635870481255
848,0.215715942717901
849,0.007407739712974
850,0.003360367385751
851,0.004668826905943
852,0.002724359318595
853,0.002758313370287
854,0.001580715151499
855,0.837029395347456
856,0.386021652815794
857,0.002021849206374
858,0.001575807734794
859,0.002220002039817
860,0.001598166918774
861,0.12135854208519
862,0.001910450866342
863,0.001792461053482
864,0.002172126324599
865,0.923941075768644
866,0.010752995321135
867,0.001903264455924
868,0.017729575727845
869,0.011565178905339
870,0.122047329466258
871,0.348279721017363
872,0.002690241855948
873,0.014148168656072
874,0.101149274554939
875,0.002399440823466
876,0.001943155200755
877,0.006118866280507
878,0.012419162608101
879,0.004587827041985
880,0.00298515120583
881,0.004088382262631
882,0.004009035613049
883,0.002319018703702
884,0.001896498536232
885,0.993361287304312
886,0.003377598916293
887,0.978564174004137
888,0.008471864298252
889,0.001858125368499
890,0.466376241583424
891,0.003690611200626
892,0.005006969935708
893,0.002604430752596
894,0.022215727843821
895,0.484195580622425
896,0.005617919380312
897,0.006142002941969
898,0.001646835658184
899,0.778576652857832
900,0.002362879115203
901,0.995450461983963
902,0.002040224290033
903,0.002056166506165
904,0.002818012457579
905,0.002799368907895
906,0.001818449485433
907,0.404809680613482
908,0.005490872101074
909,0.692154772123448
910,0.002893550987981
911,0.001869008690907
912,0.001729967923581
913,0.001730089837413
914,0.001940416192988
915,0.002815295233119
916,0.362928746713822
917,0.002736955825952
918,0.003227359619925
919,0.012293849382284
920,0.0045430638728
921,0.00175491634138
922,0.003554224348726
923,0.002164157599011
924,0.002186694788212
925,0.077781439599482
926,0.998685066481548
927,0.017461818297724
928,0.002129814593775
929,0.002607174072466
930,0.002656283381374
931,0.001939692964362
932,0.001817659934738
933,0.079741079325281
934,0.041604121734445
935,0.001906169447221
936,0.008432716134944
937,0.001868696978083
938,0.002483583896184
939,0.003008607676611
940,0.024055912689069
941,0.002059695224305
942,0.006368562908961
943,0.249034961936317
944,0.001893539516638
945,0.003294144072938
946,0.998515525367658
947,0.005552044966771
948,0.004445278753602
949,0.001816815716084
950,0.26051788774885
951,0.00248668302889
952,0.001891608347145
953,0.002181989060263
954,0.001677727378849
955,0.002412864087037
956,0.002792743052873
957,0.00170295063062
958,0.322318253072663
959,0.004386442801492
960,0.001789025499891
961,0.002540207592162
962,0.004657273678093
963,0.01126886095034
964,0.001755560842263
965,0.00158049108209
966,0.001773061237509
967,0.002267266374697
968,0.002522184074805
969,0.966077946793265
970,0.00230326526673
971,0.005430405417187
972,0.652740035044357
973,0.003927844637256
974,0.015413843905363
975,0.002317479247133
976,0.033574914919045
977,0.044004057021513
978,0.002748892033609
979,0.001704524874185
980,0.002110528178234
981,0.001947804913573
982,0.99732977585088
983,0.005639545653985
984,0.001733863497636
985,0.182562022499331
986,0.997715211389945
987,0.004655643073288
988,0.001814673978901
989,0.001757639184502
990,0.001734344831527
991,0.798694625251619
992,0.001995444504361
993,0.003223867840522
994,0.002189351075175
995,0.003390209643481
996,0.005208525638542
997,0.007898953255368
998,0.009043845144682
999,0.159167664349343
1000,0.001810971852772
1001,0.149267596831668
1002,0.002059911030647
1003,0.944157699431336
1004,0.002034408255476
1005,0.048070922965785
1006,0.001646379940551
1007,0.001726038236191
1008,0.001603799613102
1009,0.008686902292219
1010,0.123614844174637
1011,0.002009879614411
1012,0.002059607768807
1013,0.001719332298192
1014,0.004278270202239
1015,0.002596454165267
1016,0.005525622135669
1017,0.001968188434697
1018,0.286903091195491
1019,0.001992901545466
1020,0.001774083192719
1021,0.003392967706508
1022,0.002125810858075
1023,0.001825364834244
1024,0.002470031282634
1025,0.005692347209978
1026,0.001693912819395
1027,0.002055878668676
1028,0.007319359984889
1029,0.15933217485309
1030,0.007756326547923
1031,0.012267783796861
1032,0.002150512488583
1033,0.827550309270003
1034,0.008572815581518
1035,0.001994385218855
1036,0.001661405459229
1037,0.001750532445905
1038,0.930912636244594
1039,0.003818106360741
1040,0.004284201602303
1041,0.005045881163197
1042,0.012330904163587
1043,0.002750779595673
1044,0.002081125151483
1045,0.002235127904112
1046,0.001670604242581
1047,0.00360144021825
1048,0.807585401842678
1049,0.002823344547076
1050,0.010437113155171
1051,0.002325677413674
1052,0.983353766874135
1053,0.004143686875522
1054,0.001745307236265
1055,0.194502691417887
1056,0.166079607846748
1057,0.00177926964144
1058,0.006572043885959
1059,0.001997113016552
1060,0.002372466912298
1061,0.998646545115908
1062,0.048757171131763
1063,0.038535598192395
1064,0.718050006777435
1065,0.002444152974181
1066,0.002311938970442
1067,0.002606602639894
1068,0.002567124152003
1069,0.002906582067998
1070,0.087172265544779
1071,0.567262588249684
1072,0.002124301660482
1073,0.001921394768587
1074,0.00600860769693
1075,0.001726670016709
1076,0.210706115719528
1077,0.001745603677918
1078,0.008076338709747
1079,0.007259311781514
1080,0.00188994749542
1081,0.986700891568412
1082,0.004734241828338
1083,0.008623465449164
1084,0.023453426942238
1085,0.00191202738398
1086,0.00162295228968
1087,0.015048315938613
1088,0.020619887849032
1089,0.015510403717906
1090,0.001954902461636
1091,0.001717646994814
1092,0.001686297849621
1093,0.001982518783629
1094,0.285858460990325
1095,0.002350320759949
1096,0.003888101329329
1097,0.098224107405226
1098,0.002370395720836
1099,0.004869140548383
1100,0.044486423649451
1101,0.01597561114045
1102,0.219051850578106
1103,0.004011106365602
1104,0.99810770360411
1105,0.005934546662087
1106,0.006989761778908
1107,0.002398841514082
1108,0.002719570579706
1109,0.002231826075742
1110,0.001960715573574
1111,0.006358876080757
1112,0.017024593709874
1113,0.002768074274087
1114,0.001736734534068
1115,0.11018951685548
1116,0.003700524122686
1117,0.00437917752772
1118,0.002257728659012
1119,0.049097535719733
1120,0.006462912186352
1121,0.001778874918064
1122,0.001873675385836
1123,0.012799022061383
1124,0.023003633264199
1125,0.312574186369988
1126,0.002197822124171
1127,0.001873195407787
1128,0.307863612670677
1129,0.01458194985884
1130,0.016425273431753
1131,0.003758636051528
1132,0.002354471131676
1133,0.002814421638488
1134,0.00763052713445
1135,0.409184728903601
1136,0.014003200012616
1137,0.001970695808865
1138,0.00306552170378
1139,0.007013586668363
1140,0.00266129199732
1141,0.001989976822425
1142,0.001819909516796
1143,0.940684731032269
1144,0.010128781719778
1145,0.621831082829179
1146,0.002402882532991
1147,0.045457225659945
1148,0.005035964533286
1149,0.97746843178796
1150,0.003190101274097
1151,0.002837839804702
1152,0.003098990005765
1153,0.0017033446227
1154,0.835264694527537
1155,0.272317114074389
1156,0.006906733274545
1157,0.002504348129132
1158,0.002000770583583
1159,0.002286024573072
1160,0.001945625938521
1161,0.004840477638466
1162,0.008329056190057
1163,0.05439248792476
1164,0.001838789345982
1165,0.006386357094861
1166,0.00223605199933
1167,0.00158049108209
1168,0.002723519627118
1169,0.001780713271084
1170,0.375925908306527
1171,0.020672582367411
1172,0.003793315350187
1173,0.002599885123884
1174,0.002039104084088
1175,0.001848771504049
1176,0.002231354546993
1177,0.001754187105144
1178,0.00182175268604
1179,0.006608496554364
1180,0.003009537464388
1181,0.002051740541489
1182,0.003418182061968
1183,0.002373080601126
1184,0.002208914650291
1185,0.002323216410155
1186,0.002203540774849
1187,0.007446012323036
1188,0.002118333865594
1189,0.001769759209859
1190,0.002380937948397
1191,0.002774185774751
1192,0.22611782537386
1193,0.001627022928484
1194,0.00173472562841
1195,0.230812773316317
1196,0.004603757142784
1197,0.00178784169325
1198,0.001804482944603
1199,0.597625279070609
1200,0.002450860650883
1201,0.003634883867267
1202,0.001786464708208
1203,0.737175220846149
1204,0.005567062595685
1205,0.002011014795525
1206,0.001827595317734
1207,0.001755963738058
1208,0.090220723852821
1209,0.057094043634353
1210,0.899973319763787
1211,0.955319028284818
1212,0.015026687159046
1213,0.003109558471244
1214,0.992634995141785
1215,0.506775126023357
1216,0.005155493905726
1217,0.027158489233845
1218,0.007327675811946
1219,0.001851775025932
1220,0.002578001411657
1221,0.001797946604871
1222,0.428897565438071
1223,0.002421291648382
1224,0.001820043480442
1225,0.001721882778224
1226,0.068318967626317
1227,0.001686659872139
1228,0.812176587166243
1229,0.222980826434169
1230,0.001615594338735
1231,0.690127195136995
1232,0.533233003182696
1233,0.323911218185607
1234,0.003760389148405
1235,0.002199246683162
1236,0.004307042921702
1237,0.001619185845688
1238,0.001800130843274
1239,0.008257104581962
1240,0.001743941963889
1241,0.007815765682281
1242,0.001600292333257
1243,0.998175443009118
1244,0.054185529421169
1245,0.961392814206435
1246,0.007353091081209
1247,0.002889146209572
1248,0.001891214054738
1249,0.78478968716273
1250,0.064376047262866
1251,0.002005574466766
1252,0.250994736604523
1253,0.002295476826322
1254,0.005535243723029
1255,0.001799401024517
1256,0.006074483856127
1257,0.002663502080654
1258,0.00214781677996
1259,0.001717381069471
1260,0.002016240481036
1261,0.003197195085021
1262,0.002687424040183
1263,0.004817125394542
1264,0.007261973177311
1265,0.914200179363822
1266,0.002904528962057
1267,0.001892328197174
1268,0.002310441231503
1269,0.001969241811893
1270,0.005946594049962
1271,0.002215165333124
1272,0.002081890881128
1273,0.70637960617653
1274,0.002690631709228
1275,0.002285884550923
1276,0.003806599908883
1277,0.783778210995482
1278,0.015190527911252
1279,0.881399731009457
1280,0.001802274387916
1281,0.006315948624522
1282,0.001848277254348
1283,0.925674652761268
1284,0.981557764660575
1285,0.263850085307502
1286,0.006524088335017
1287,0.011089768031605
1288,0.012836522916967
1289,0.00234562767513
1290,0.001705235999418
1291,0.001910175006017
1292,0.001594819644336
1293,0.002005247257804
1294,0.005439805321765
1295,0.001858803256402
1296,0.972125125692582
1297,0.009037864227556
1298,0.003392624940184
1299,0.0039486868455
1300,0.002325650744327
1301,0.01017685630099
1302,0.001862725612315
1303,0.027623432448475
1304,0.002221798289069
1305,0.001851780387932
1306,0.228018539890821
1307,0.870783059332465
1308,0.002237388415241
1309,0.001981429750351
1310,0.012680410698727
1311,0.005228534239327
1312,0.001754496891575
1313,0.827588810657478
1314,0.001833876255515
1315,0.559022806595599
1316,0.003363753964524
1317,0.001949879383705
1318,0.001718307709996
1319,0.002419087577098
1320,0.033826690672685
1321,0.002009037707005
1322,0.755549760444215
1323,0.001860385785679
1324,0.008527369567837
1325,0.003408537189539
1326,0.999027654759783
1327,0.001778561233067
1328,0.006012006429483
1329,0.002057752372371
1330,0.001882968562945
1331,0.002377366332763
1332,0.001719011340959
1333,0.001996661751462
1334,0.002115531629493
1335,0.988572710847998
1336,0.001928851124413
1337,0.001868378530579
1338,0.015225482925224
1339,0.001907813213669
1340,0.002639744689862
1341,0.445954712626965
1342,0.00203346272136
1343,0.00297479388235
1344,0.994830267416691
1345,0.037402852819139
1346,0.231856237086753
1347,0.002122809934481
1348,0.188482763993848
1349,0.002300285810029
1350,0.974081961371564
1351,0.001706436408748
1352,0.001943155200755
1353,0.001719931288895
1354,0.00174725405047
1355,0.009068837018063
1356,0.002148371164015
1357,0.115026297103137
1358,0.866790439306505
1359,0.002605625141325
1360,0.002124289081282
1361,0.002123889223762
1362,0.005684939327775
1363,0.005054371840429
1364,0.003407769416549
1365,0.001937686283635
1366,0.001666395478344
1367,0.998511523796569
1368,0.186305886112801
1369,0.0017174442228
1370,0.183261279009366
1371,0.001626202567155
1372,0.001731161559301
1373,0.03266247799113
1374,0.002361541376919
1375,0.746886409891235
1376,0.001750469428915
1377,0.003140350068294
1378,0.007519876637676
1379,0.004899939972295
1380,0.003862917347361
1381,0.001934206559287
1382,0.00179639629137
1383,0.981018331807348
1384,0.989696409819504
1385,0.388063906837965
1386,0.087399676192986
1387,0.001888116319444
1388,0.003293906235311
1389,0.001875838685453
1390,0.005921404384947
1391,0.00481530292447
1392,0.001755409264338
1393,0.001746349279028
1394,0.005222198457215
1395,0.010055916150488
1396,0.002455994894211
1397,0.004781040401589
1398,0.997763266443929
1399,0.016260726975858
1400,0.002484324200574
1401,0.935760758482088
1402,0.004755648496928
1403,0.006773461071543
1404,0.001937427335286
1405,0.001843091575915
1406,0.002010858407529
1407,0.968353314050237
1408,0.685268926260001
1409,0.001941392268112
1410,0.001782111826021
1411,0.001807078086014
1412,0.00242919266926
1413,0.002457758128316
1414,0.041631525158726
1415,0.009419640326083
1416,0.002248897854347
1417,0.00171500101206
1418,0.375834727828054
1419,0.004463776868992
1420,0.989618272653364
1421,0.001688540324836
1422,0.175476305958931
1423,0.002433994595812
1424,0.003577082918594
1425,0.004475311789639
1426,0.002113644099966
1427,0.003538187246878
1428,0.001886915924605
1429,0.950810534592407
1430,0.002897298241611
1431,0.001727161360651
1432,0.073651962135044
1433,0.388856007286157
1434,0.00179487015307
1435,0.997469952926857
1436,0.041048248321048
1437,0.010758116867284
1438,0.002009883220754
1439,0.001757318831417
1440,0.730616519053153
1441,0.002092946074002
1442,0.921193481147418
1443,0.001676000179435
1444,0.019388995837902
1445,0.001795220709473
1446,0.010294827760889
1447,0.001851328463917
1448,0.002570423631006
1449,0.001794306068893
1450,0.001737585000899
1451,0.002362581975698
1452,0.027708917623963
1453,0.001820451601845
1454,0.02945841672216
1455,0.034233391151073
1456,0.001789458736091
1457,0.001679844033391
1458,0.001977785991141
1459,0.002257510816138
1460,0.946166827314635
1461,0.005582931100104
1462,0.001818173573193
1463,0.004014075468693
1464,0.001788359415583
1465,0.001697905791465
1466,0.001701522050935
1467,0.001606110399974
1468,0.050362125377308
1469,0.00181264995358
1470,0.010773161120196
1471,0.003347414452971
1472,0.013960377282988
1473,0.054386548733682
1474,0.004939744205863
1475,0.972994071241689
1476,0.001793286840014
1477,0.003011032881924
1478,0.002777725055849
1479,0.001816806396809
1480,0.00385102027894
1481,0.688390108989596
1482,0.924693461836995
1483,0.001644598235602
1484,0.004771074156046
1485,0.004456640328099
1486,0.002759733823336
1487,0.001812758254625
1488,0.008077766125201
1489,0.002321654321685
1490,0.00186190785697
1491,0.001965530795355
1492,0.00198001832961
1493,0.011063347381119
1494,0.001814667577235
1495,0.690313818277105
1496,0.008545276469154
1497,0.016848686781201
1498,0.004382342661911
1499,0.021748944983917
1500,0.55716884286582
1501,0.998299821176982
1502,0.00830958456666
1503,0.004446613945669
1504,0.295135919419313
1505,0.685897989078226
1506,0.69155343324366
1507,0.001756382244816
1508,0.001580541112454
1509,0.003571259056066
1510,0.002312324572314
1511,0.005489021606992
1512,0.064393964767329
1513,0.002328305171575
1514,0.00367500543273
1515,0.002758999920896
1516,0.001831278376601
1517,0.002884131273351
1518,0.408680933565974
1519,0.002190264861726
1520,0.001976926342281
1521,0.002025334234476
1522,0.113946959654271
1523,0.871922774128669
1524,0.005301185462564
1525,0.002003673234595
1526,0.002382902027629
1527,0.712782096443402
1528,0.001791425542057
1529,0.001839750174331
1530,0.005053615966453
1531,0.002158920743543
1532,0.01413886262966
1533,0.020197036784983
1534,0.00491298970971
1535,0.129019605938719
1536,0.001711789989199
1537,0.0063037556396
1538,0.001779995441237
1539,0.002263183368771
1540,0.861683375981227
1541,0.004263472061872
1542,0.666620342632497
1543,0.993710521863879
1544,0.004905269561128
1545,0.277131146145645
1546,0.093552040152829
1547,0.001708995764433
1548,0.003387399438548
1549,0.002985759199189
1550,0.010535702921158
1551,0.50244448758881
1552,0.66309932617886
1553,0.013304883833943
1554,0.014109110048713
1555,0.607131967532925
1556,0.003303811252709
1557,0.002915416266176
1558,0.14844217506419
1559,0.001702328746759
1560,0.010633235461558
1561,0.001697659418014
1562,0.985705048003043
1563,0.00222775622894
1564,0.002097595914218
1565,0.00173638057457
1566,0.002035818589599
1567,0.001771188887772
1568,0.006003207714193
1569,0.008115675103465
1570,0.002625726649236
1571,0.039408429940252
1572,0.012222533274885
1573,0.003520637644103
1574,0.00158049108209
1575,0.019125451228092
1576,0.730373241035787
1577,0.001733500755653
1578,0.009326577042361
1579,0.996954503110013
1580,0.998045864540927
1581,0.002717192505124
1582,0.139321980734773
1583,0.003163999992144
1584,0.001782946946768
1585,0.003730551604185
1586,0.002036612466675
1587,0.003052903243877
1588,0.001711886150515
1589,0.001975970737476
1590,0.001648658517553
1591,0.004723809951345
1592,0.003262545666478
1593,0.00218390586476
1594,0.00370999574294
1595,0.992781941112067
1596,0.991702423505178
1597,0.451169928050101
1598,0.004303220334403
1599,0.725308745805788
1600,0.148449304131844
1601,0.008392226252547
1602,0.002464697472865
1603,0.002602650633032
1604,0.965067759414358
1605,0.001978388935925
1606,0.002321150467296
1607,0.277707536976623
1608,0.001729824810866
1609,0.011732170693172
1610,0.773623781642361
1611,0.001660895521245
1612,0.004269976047229
1613,0.005827882406724
1614,0.00461866801831
1615,0.692572815841922
1616,0.001733548469952
1617,0.00171737663918
1618,0.881864956386731
1619,0.002097164769309
1620,0.002202204222325
1621,0.004610008700205
1622,0.998169740053892
1623,0.001724166117828
1624,0.001751656674793
1625,0.008466505921601
1626,0.599735315613726
1627,0.913612170905204
1628,0.002580474215227
1629,0.015555664012334
1630,0.001942764926856
1631,0.00158049108209
1632,0.003687097161758
1633,0.646279977929716
1634,0.984721576588337
1635,0.004617192542967
1636,0.002392459756761
1637,0.328612291496446
1638,0.997238482990732
1639,0.506241183698091
1640,0.003579990069726
1641,0.002231858966256
1642,0.002210204478757
1643,0.001630582531134
1644,0.005737992054622
1645,0.002699336064314
1646,0.003169000438953
1647,0.590074499115846
1648,0.001960847924132
1649,0.003336300477699
1650,0.008431293377651
1651,0.001742001189271
1652,0.002078019729879
1653,0.002447152487004
1654,0.033152543728387
1655,0.001784758673305
1656,0.003720926807641
1657,0.002203883084415
1658,0.341341127453706
1659,0.001629898486384
1660,0.00487757695074
1661,0.00174999185657
1662,0.002262538361595
1663,0.002089559690642
1664,0.001725351703217
1665,0.003314981553735
1666,0.00214505651005
1667,0.334544093931947
1668,0.282499188550486
1669,0.002166927125355
1670,0.985347153254622
1671,0.001895357963798
1672,0.002350463124515
1673,0.030676073475985
1674,0.46688991519582
1675,0.001979443198344
1676,0.006367857941693
1677,0.006186042989162
1678,0.002009491624383
1679,0.001961027928088
1680,0.003827081968883
1681,0.004379875621582
1682,0.686625260201766
1683,0.005088458525026
1684,0.001802886975281
1685,0.002421540817776
1686,0.001787134998892
1687,0.001612601860701
1688,0.968570970353585
1689,0.003034248695018
1690,0.002807176995029
1691,0.41413344362257
1692,0.001816388631673
1693,0.002465886148973
1694,0.001782565737296
1695,0.001686489371243
1696,0.006824074798116
1697,0.007675531090856
1698,0.003871956313034
1699,0.003861859191302
1700,0.002112007640526
1701,0.005090198973337
1702,0.71400871235653
1703,0.001929810857809
1704,0.998559858847888
1705,0.287752336613008
1706,0.003128278115229
1707,0.002993287977413
1708,0.001812729775334
1709,0.004325846601699
1710,0.001921325769062
1711,0.004676638380255
1712,0.001713461517104
1713,0.002357176562504
1714,0.006413128809314
1715,0.005109998750289
1716,0.003740071419479
1717,0.004201099774959
1718,0.002186641320888
1719,0.005907745080381
1720,0.002858467284147
1721,0.028912110965872
1722,0.002075802896279
1723,0.005598360989699
1724,0.002033310544572
1725,0.793193714524466
1726,0.059092783428581
1727,0.00171244974006
1728,0.002517580930027
1729,0.001854265553726
1730,0.003153185353514
1731,0.00178184983483
1732,0.001591952521332
1733,0.12112231355628
1734,0.047564449029115
1735,0.691064642829789
1736,0.002266998612667
1737,0.907755979409922
1738,0.995395930419513
1739,0.001750713883382
1740,0.001657776398018
1741,0.004545171825633
1742,0.865441109855603
1743,0.003743574269129
1744,0.007481249310196
1745,0.001738946745655
1746,0.001941055837848
1747,0.001951534578413
1748,0.001977266715694
1749,0.029741029855688
1750,0.009512116882403
1751,0.768785031160111
1752,0.323682027951666
1753,0.001589884764247
1754,0.004720137657921
1755,0.003159273808064
1756,0.005286091471245
1757,0.002017215497906
1758,0.005286559796194
1759,0.299859111258539
1760,0.005712636842209
1761,0.06795603231961
1762,0.001798955857347
1763,0.003785290895186
1764,0.016063463906424
1765,0.001771226872435
1766,0.008359109486591
1767,0.004061230032691
1768,0.916390096531135
1769,0.090684787345141
1770,0.132973234977978
1771,0.003437948829738
1772,0.990233891042686
1773,0.04701534023538
1774,0.998204088307416
1775,0.002335555532971
1776,0.004761514047556
1777,0.002103472603116
1778,0.002712992067927
1779,0.002245975046188
1780,0.174450766304231
1781,0.005936161855224
1782,0.002068767706149
1783,0.001922035966963
1784,0.0018256612733
1785,0.001943056334184
1786,0.001645787100734
1787,0.001842857082047
1788,0.001941276110969
1789,0.001936555354436
1790,0.002141134836599
1791,0.001594819644336
1792,0.072021928854506
1793,0.077789464913236
1794,0.005416656230924
1795,0.001808733663475
1796,0.001998330088781
1797,0.002059743650148
1798,0.00229597159756
1799,0.002059736359979
1800,0.002032180550761
1801,0.002202793592492
1802,0.001962147645931
1803,0.005144282979398
1804,0.582728548902832
1805,0.965282731453687
1806,0.0034159153971
1807,0.002122560930221
1808,0.97431798091706
1809,0.955690400437529
1810,0.002517350466135
1811,0.069699627835984
1812,0.976715582496679
1813,0.004776145554512
1814,0.004979410711485
1815,0.014459507854599
1816,0.002475301650061
1817,0.005890147361846
1818,0.997448186723495
1819,0.001959141070736
1820,0.002287554633602
1821,0.001995811723338
1822,0.001742286268792
1823,0.013444426389872
1824,0.002946522167953
1825,0.378836283391316
1826,0.001708717898149
1827,0.001700220049762
1828,0.002992980246448
1829,0.002629113932366
1830,0.001789702550325
1831,0.015884493403781
1832,0.001753755688346
1833,0.002003277991328
1834,0.81988651552179
1835,0.001671719048803
1836,0.983741672477998
1837,0.005312675919974
1838,0.722924433612778
1839,0.002147900891598
1840,0.002823065109147
1841,0.004832787291742
1842,0.001657658764424
1843,0.002351149044493
1844,0.611322457249233
1845,0.00361040975888
1846,0.979547047325516
1847,0.738144011907139
1848,0.002872075091976
1849,0.269866924889916
1850,0.001940967273466
1851,0.02301961354152
1852,0.041078187921315
1853,0.001751654034336
1854,0.00163898719675
1855,0.00288881895104
1856,0.132062352488934
1857,0.002058068739833
1858,0.368045283259845
1859,0.003871666547693
1860,0.001749111785397
1861,0.001927724419089
1862,0.013241186891017
1863,0.00204441880336
1864,0.001788936454326
1865,0.002339018473334
1866,0.002781302121978
1867,0.004973065477723
1868,0.008671003557845
1869,0.056357999075773
1870,0.002094158962378
1871,0.018950968363565
1872,0.001761683322138
1873,0.002195565298471
1874,0.004159971931974
1875,0.105393035556369
1876,0.001825575322784
1877,0.278053384515133
1878,0.033587062539863
1879,0.002104406796424
1880,0.016177853292334
1881,0.004113448612329
1882,0.001947784917633
1883,0.127734693503141
1884,0.002573973215997
1885,0.022564415608699
1886,0.002033383290145
1887,0.001661178090044
1888,0.00215434034055
1889,0.002574046647155
1890,0.998167141007255
1891,0.002031251147866
1892,0.361562931238341
1893,0.004246543225322
1894,0.010774825527046
1895,0.002398960149068
1896,0.0060154523706
1897,0.003864959589332
1898,0.001679501230788
1899,0.001680400889126
1900,0.00663466686325
1901,0.001823295926423
1902,0.003727645805869
1903,0.002317984647945
1904,0.001708813462824
1905,0.004066002939948
1906,0.2844252802451
1907,0.001752161676511
1908,0.003153796475747
1909,0.05062756906644
1910,0.001985266952142
1911,0.00535691043688
1912,0.148769943143841
1913,0.719645813712367
1914,0.002791930029098
1915,0.844866995888829
1916,0.002504436675664
1917,0.007755971482213
1918,0.00334542634729
1919,0.00174613112062
1920,0.002495171912965
1921,0.008071279801222
1922,0.08159869786926
1923,0.001918761043229
1924,0.002040384277281
1925,0.001674745690163
1926,0.013046589536826
1927,0.299350028270833
1928,0.983872692050428
1929,0.003158143650508
1930,0.003790944025325
1931,0.99867597308348
1932,0.001928259134827
1933,0.447621792100624
1934,0.001774220178453
1935,0.001591692471174
1936,0.939294223593767
1937,0.001933625823955
1938,0.003054261980937
1939,0.008272141909939
1940,0.998731800407265
1941,0.871803851527441
1942,0.002438790855507
1943,0.901661125599146
1944,0.001910699325316
1945,0.001714357003433
1946,0.00189516599544
1947,0.407389431549485
1948,0.004244075168088
1949,0.003065012043138
1950,0.005738489431405
1951,0.00689884844077
1952,0.002449676902407
1953,0.076555246608966
1954,0.939653655524221
1955,0.003558475876417
1956,0.002288938999229
1957,0.294844981102609
1958,0.001859726165466
1959,0.003625355068163
1960,0.026396181893905
1961,0.001662391004835
1962,0.001764783613601
1963,0.044694431641108
1964,0.002169559732154
1965,0.788508077440712
1966,0.005866158659815
1967,0.998812421432375
1968,0.001908095768256
1969,0.001668536313604
1970,0.005010223791635
1971,0.003762779049897
1972,0.002046924571436
1973,0.001709973944989
1974,0.001770214315024
1975,0.00185978725046
1976,0.004223318798942
1977,0.002521856957401
1978,0.369482656815355
1979,0.003938451607923
1980,0.589262969503038
1981,0.003722226916776
1982,0.00199612554136
1983,0.001699190402966
1984,0.006823055040176
1985,0.003037819192458
1986,0.00178279100515
1987,0.007761329874274
1988,0.001599272814318
1989,0.934376196881211
1990,0.00537185029519
1991,0.001865243724509
1992,0.003830098851586
1993,0.001841320264801
1994,0.002312025694758
1995,0.001705779893361
1996,0.001952924824584
1997,0.002048743696556
1998,0.002613499536294
1999,0.002596264036515
2000,0.002634222515065
2001,0.001949410698353
2002,0.008958754412053
2003,0.003303834253909
2004,0.001689253629262
2005,0.874821051020885
2006,0.004051099658924
2007,0.002389465808878
2008,0.210069563617112
2009,0.767667818034344
2010,0.002755310540977
2011,0.002962156609956
2012,0.006085800913456
2013,0.00602646486189
2014,0.002547740778362
2015,0.97780080828262
2016,0.001873025531351
2017,0.005864110283047
2018,0.912738849332028
2019,0.00209906258341
2020,0.292924013997977
2021,0.001842625408093
2022,0.002330793820263
2023,0.202684661942298
2024,0.01033525724472
2025,0.636116988048199
2026,0.00434460766902
2027,0.667479841851825
2028,0.006986135441198
2029,0.344601038456445
2030,0.374085276304055
2031,0.006647834953142
2032,0.00170293763755
2033,0.634045077216279
2034,0.001783889392192
2035,0.002233845258608
2036,0.002485602164169
2037,0.007488088260858
2038,0.007280954981306
2039,0.002517182330755
2040,0.005723808144115
2041,0.002126028162183
2042,0.001777851564651
2043,0.880790915647054
2044,0.001730204230433
2045,0.001677690279286
2046,0.001730265958204
2047,0.980492169745399
2048,0.005373965248603
2049,0.738085298586506
2050,0.846533399973032
2051,0.01199307916277
2052,0.001865087541381
2053,0.997597186022778
2054,0.995763619937073
2055,0.994450253710434
2056,0.002054436964911
2057,0.002180004994186
2058,0.447649891302469
2059,0.002618674845554
2060,0.003153201965714
2061,0.043452774605848
2062,0.719889000784221
2063,0.004690566881435
2064,0.002787405629379
2065,0.003753285668759
2066,0.001695429744287
2067,0.00210747689088
2068,0.002704400868716
2069,0.001611244317206
2070,0.003223087813117
2071,0.904920905461238
2072,0.003249164886047
2073,0.011620170550174
2074,0.191710750755432
2075,0.002194755427014
2076,0.004543894281565
2077,0.001830476775839
2078,0.015015975591042
2079,0.24703445456829
2080,0.001695428418857
2081,0.598262059874928
2082,0.047106686657725
2083,0.209107027642287
2084,0.001890717991061
2085,0.001984107977258
2086,0.001770305159543
2087,0.414667399219199
2088,0.007532038634829
2089,0.002118503083226
2090,0.005677074763571
2091,0.843034140153837
2092,0.002036231994618
2093,0.004852419864295
2094,0.003189894944857
2095,0.001791910967572
2096,0.069463102377725
2097,0.553070943661851
2098,0.963990916587323
2099,0.001652014626946
2100,0.003016373040985
2101,0.002640201835396
2102,0.12544093619685
2103,0.001838075326346
2104,0.001786095928137
2105,0.41674700152726
2106,0.001846227467817
2107,0.471326224351709
2108,0.002046605484799
2109,0.002410108567048
2110,0.069348788737629
2111,0.001671349628842
2112,0.002424963092841
2113,0.011530088481992
2114,0.004026787866513
2115,0.001762316936966
2116,0.993320901560788
2117,0.023773614271504
2118,0.005131395442204
2119,0.002020656813342
2120,0.003838973058662
2121,0.001930278292452
2122,0.002181787283212
2123,0.8978636955614
2124,0.002608238364838
2125,0.071655016166305
2126,0.004898729995726
2127,0.020408381457386
2128,0.001772706250074
2129,0.001680384637696
2130,0.002605424154084
2131,0.002543387160593
2132,0.695797692029019
2133,0.002029296725722
2134,0.589699420198668
2135,0.002070749148873
2136,0.001991271091487
2137,0.297803942098058
2138,0.045179113445758
2139,0.002142187127868
2140,0.126225476749822
2141,0.217633255499007
2142,0.025760901368022
2143,0.257442883901631
2144,0.84423628035367
2145,0.002202062129451
2146,0.080740756344319
2147,0.590816728546902
2148,0.004225611134146
2149,0.381470297962623
2150,0.002309055124427
2151,0.002524208019907
2152,0.287450312537307
2153,0.00225641700377
2154,0.001760645177694
2155,0.726122582427756
2156,0.295525265062018
2157,0.001722915188952
2158,0.017458351038287
2159,0.003241093743001
2160,0.002592126676651
2161,0.001722863310407
2162,0.001657983604363
2163,0.002279967306101
2164,0.002164564956216
2165,0.020714115750737
2166,0.002428990334689
2167,0.33356645984648
2168,0.00191209416377
2169,0.010558517517973
2170,0.007915253643028
2171,0.02131180920804
2172,0.011152981535704
2173,0.001844210496904
2174,0.009670362757304
2175,0.001762247643201
2176,0.003104501073728
2177,0.001708508365854
2178,0.00466990288084
2179,0.008351393122469
2180,0.008993328386037
2181,0.001722309868695
2182,0.001717863706241
2183,0.071649419101588
2184,0.008612023927655
2185,0.009579821937474
2186,0.007471964245275
2187,0.009507323886222
2188,0.001751140657715
2189,0.001894369283024
2190,0.00265550417665
2191,0.734559596584846
2192,0.004503105120764
2193,0.003218414986328
2194,0.001792421913318
2195,0.001628586541965
2196,0.001936673640882
2197,0.001741653256365
2198,0.007079178424716
2199,0.001877945092187
2200,0.952478407327213
2201,0.097294751639806
2202,0.792102458920475
2203,0.002885404122197
2204,0.001766613965686
2205,0.00372474849217
2206,0.98609116985848
2207,0.011984446721473
2208,0.003041774918511
2209,0.002432410334538
2210,0.00189782213017
2211,0.002863396616551
2212,0.003063220291969
2213,0.006491085498769
2214,0.001997225608
2215,0.00213164141575
2216,0.001754934959959
2217,0.00380825161295
2218,0.955941236071321
2219,0.003366090465224
2220,0.001856320102774
2221,0.005640013957832
2222,0.299669786533615
2223,0.00173459986376
2224,0.005082181695379
2225,0.001943155200755
2226,0.001912423812161
2227,0.860111965135762
2228,0.998423744969026
2229,0.004038014969783
2230,0.002138962281636
2231,0.529447962720756
2232,0.00807572000944
2233,0.318085113339024
2234,0.001983141357011
2235,0.001838096928902
2236,0.001976026184971
2237,0.00185458324957
2238,0.002426610651814
2239,0.002105087535521
2240,0.830934514446069
2241,0.030534082013524
2242,0.486045862633704
2243,0.817616249534219
2244,0.026956269327903
2245,0.039938381234055
2246,0.002091146971448
2247,0.176729931596575
2248,0.002495906802449
2249,0.761233595861235
2250,0.004951982978809
2251,0.005702100636389
2252,0.493536616672522
2253,0.033960414869793
2254,0.003877590154757
2255,0.573459604211339
2256,0.00690390100984
2257,0.001901150588834
2258,0.002523398516614
2259,0.001627357948634
2260,0.001670332125888
2261,0.002764049756145
2262,0.004703006223578
2263,0.005590310639713
2264,0.00768500981718
2265,0.001874995070835
2266,0.003843318227302
2267,0.001786736884832
2268,0.00201105719407
2269,0.353417140127839
2270,0.996950013192814
2271,0.002020961846212
2272,0.011081350706859
2273,0.948022565937513
2274,0.995253484958418
2275,0.00197514510511
2276,0.00206927393181
2277,0.001852014085293
2278,0.002502135791413
2279,0.010210052408149
2280,0.007836422839565
2281,0.008089884820343
2282,0.00203433142804
2283,0.006659045129587
2284,0.020936976260008
2285,0.005930487948037
2286,0.011591978986424
2287,0.998578824435679
2288,0.930592695684064
2289,0.002345775464534
2290,0.562308807038233
2291,0.001815311242804
2292,0.003829970180724
2293,0.002267900085476
2294,0.002259491947335
2295,0.001900710883287
2296,0.00176208980748
2297,0.002101186098689
2298,0.001917460678842
2299,0.002021710846835
2300,0.002513942970318
2301,0.003977434910417
2302,0.002189572827371
2303,0.830769059712427
2304,0.002318888245532
2305,0.978271192716875
2306,0.005606688724659
2307,0.004249026854391
2308,0.873159556212439
2309,0.983315659249998
2310,0.010940670231075
2311,0.03960578432999
2312,0.004303080097157
2313,0.002917982604203
2314,0.995457771208297
2315,0.059703318080061
2316,0.543066698218855
2317,0.002746994588704
2318,0.513679741129443
2319,0.019041661275614
2320,0.935723405606116
2321,0.00208010370526
2322,0.001963481444568
2323,0.002065808991079
2324,0.80676161950896
2325,0.190003989613164
2326,0.002774569674233
2327,0.002478804808782
2328,0.001818310578856
2329,0.349001818983945
2330,0.028798195879612
2331,0.150357810219771
2332,0.001939094047032
2333,0.005030918103541
2334,0.004907617001334
2335,0.001903313858881
2336,0.602423673984269
2337,0.002685985134273
2338,0.002585885768505
2339,0.011574211647814
2340,0.996449022760852
2341,0.064348853176125
2342,0.002505342241614
2343,0.002181832255041
2344,0.00174847033643
2345,0.010753526958585
2346,0.99297507304965
2347,0.01169478437461
2348,0.004918837518244
2349,0.004827561457876
2350,0.534663943862783
2351,0.007816319181525
2352,0.001889645750919
2353,0.007391201989062
2354,0.002610938281851
2355,0.001788710372194
2356,0.00278735621225
2357,0.331514074126727
2358,0.011233860673126
2359,0.003327155730251
2360,0.08055811499025
2361,0.001829985038253
2362,0.667643656080574
2363,0.001926254345757
2364,0.699051696037697
2365,0.336081235823283
2366,0.098303541965683
2367,0.00747384379402
2368,0.001834979340777
2369,0.002536631948413
2370,0.996817937841977
2371,0.00455929695955
2372,0.997279048876984
2373,0.001807347314399
2374,0.002114663327568
2375,0.002183024316388
2376,0.001929099570979
2377,0.004674424657814
2378,0.599309598370706
2379,0.001917855290478
2380,0.008866308563129
2381,0.001749250410254
2382,0.001685550359679
2383,0.070379394230102
2384,0.953461314710803
2385,0.003576272186387
2386,0.001724395880587
2387,0.002451439103676
2388,0.672495847315941
2389,0.004661246857161
2390,0.00177485174211
2391,0.001707126048263
2392,0.001714790730933
2393,0.671857530357498
2394,0.002151874292568
2395,0.006632008628079
2396,0.001986363012056
2397,0.001572188202212
2398,0.616298780835001
2399,0.001723092022936
2400,0.256686596654958
2401,0.00237792341866
2402,0.001682540124623
2403,0.837316646539777
2404,0.233820411935338
2405,0.244182260630801
2406,0.001707326058089
2407,0.614788105941522
2408,0.063218484668666
2409,0.002174538940127
2410,0.001744757977139
2411,0.002167043938706
2412,0.002813036111193
2413,0.002481499502712
2414,0.003935776421595
2415,0.001800488472627
2416,0.230223557101171
2417,0.004291804929252
2418,0.002433213255361
2419,0.002774836751269
2420,0.001799332101418
2421,0.507972445336525
2422,0.219500427525211
2423,0.922809430813979
2424,0.001722865697886
2425,0.002404414000694
2426,0.004324925788316
2427,0.002362366740102
2428,0.002029376150122
2429,0.002379572712202
2430,0.001643908907178
2431,0.929690548252067
2432,0.063650020626165
2433,0.497718634885832
2434,0.002882005283396
2435,0.004179049581747
2436,0.998667237970042
2437,0.018304235028471
2438,0.006872903496733
2439,0.959652586641482
2440,0.003715590254315
2441,0.059965653783874
2442,0.001964832063549
2443,0.503884888429054
2444,0.007062446787886
2445,0.846901640009897
2446,0.003340250874433
2447,0.001783312253476
2448,0.002143795260317
2449,0.001892480101499
2450,0.694644794076611
2451,0.001617405990168
2452,0.005520931631351
2453,0.002092351994195
2454,0.122818681941806
2455,0.001823428043126
2456,0.007709165954534
2457,0.001656621315267
2458,0.002985391616363
2459,0.001892843063708
2460,0.002380814642579
2461,0.012504037597459
2462,0.00262411429781
2463,0.001785609422627
2464,0.001768857959685
2465,0.002093581802125
2466,0.006538999736418
2467,0.002189995221929
2468,0.002045846699518
2469,0.001717602844242
2470,0.014587851687824
2471,0.46122844437094
2472,0.002321286744835
2473,0.955448183392996
2474,0.003115537249146
2475,0.0048868285932
2476,0.001936060925248
2477,0.997051623264028
2478,0.001872614530689
2479,0.001671416383063
2480,0.012678644319519
2481,0.001823376654635
2482,0.166915528456149
2483,0.971308548974952
2484,0.006437168955506
2485,0.004867296345176
2486,0.002278837558854
2487,0.662479555114118
2488,0.001902973686738
2489,0.889608522867527
2490,0.001768832736135
2491,0.001912650406844
2492,0.987827995938657
2493,0.731187903654039
2494,0.010475812370021
2495,0.111307460294278
2496,0.266589441703836
2497,0.001894400947058
2498,0.002943699960939
2499,0.005275358487046
2500,0.001883365292432
2501,0.011296764191193
2502,0.004556152876932
2503,0.014988161090838
2504,0.001648430150804
2505,0.023986419039715
2506,0.001690049899606
2507,0.052428039451349
2508,0.004682954013777
2509,0.367162011921441
2510,0.001906730517498
2511,0.998421689733181
2512,0.017587694210442
2513,0.003810189485817
2514,0.007744395019557
2515,0.029440274178231
2516,0.00180548924968
2517,0.995238226947757
2518,0.001714946453492
2519,0.002127769746287
2520,0.009121324094989
2521,0.002705773034941
2522,0.002760141288605
2523,0.004471171082381
2524,0.004336732722892
2525,0.848790063232041
2526,0.005564417046484
2527,0.003709139694755
2528,0.004981225904362
2529,0.006935416675901
2530,0.012319586636851
2531,0.002189735052164
2532,0.006351169568275
2533,0.002987982125066
2534,0.002263495892851
2535,0.998782266015601
2536,0.001725422663324
2537,0.002234089693572
2538,0.00169057666223
2539,0.002085106003478
2540,0.046349480610087
2541,0.001756196319168
2542,0.002168818263393
2543,0.001731726172601
2544,0.002673767121355
2545,0.016565061504537
2546,0.00268997998003
2547,0.032178580983099
2548,0.001744442459976
2549,0.971743235630422
2550,0.004288815050608
2551,0.001670985994501
2552,0.051101354620386
2553,0.001822405556026
2554,0.011931234639983
2555,0.002176424616543
2556,0.002952358677189
2557,0.002165456463937
2558,0.001837970350199
2559,0.664423691335863
2560,0.998692768745821
2561,0.001731262671768
2562,0.00364201893874
2563,0.002195999367505
2564,0.748011794939671
2565,0.081233429924633
2566,0.003155311375819
2567,0.535423593667142
2568,0.001833439322808
2569,0.002213499870529
2570,0.968649902322865
2571,0.005625404342433
2572,0.434743302549479
2573,0.002743651014533
2574,0.011199493769049
2575,0.002531030569312
2576,0.106327252643276
2577,0.024525678609578
2578,0.002047705301016
2579,0.146265468265161
2580,0.001873920367219
2581,0.001870296595485
2582,0.003269718483981
2583,0.037050474177681
2584,0.001885408044011
2585,0.002159737494493
2586,0.910550840504568
2587,0.004188843576692
2588,0.00213805762628
2589,0.001730834452472
2590,0.391256918411836
2591,0.002678607340362
2592,0.001743496753756
2593,0.874864722626254
2594,0.002415495788442
2595,0.346012831570942
2596,0.00256210681004
2597,0.004445304928958
2598,0.015904790726209
2599,0.002325790049351
2600,0.970730809484088
2601,0.001837414197402
2602,0.00613955100988
2603,0.001991560134516
2604,0.76887625691265
2605,0.486328539278626
2606,0.067910311627191
2607,0.868591930450904
2608,0.008038103319884
2609,0.001701611582893
2610,0.611436277339479
2611,0.005944028889131
2612,0.012111191914365
2613,0.607955872901114
2614,0.945128844110998
2615,0.010743401319869
2616,0.949911810902856
2617,0.001891769300795
2618,0.001864716761085
2619,0.002690126602006
2620,0.011799311875777
2621,0.001708378680014
2622,0.001687034167085
2623,0.002056033033256
2624,0.03053422389474
2625,0.002864965539727
2626,0.981265472437554
2627,0.007322710089095
2628,0.002033166187965
2629,0.005490003932816
2630,0.002859135147616
2631,0.002990456634699
2632,0.004062143575449
2633,0.998928127686452
2634,0.002950896866473
2635,0.00213853478606
2636,0.002737976023786
2637,0.194889616809798
2638,0.557911668207384
2639,0.006261433661627
2640,0.56531350572799
2641,0.013260575928534
2642,0.036356839599346
2643,0.00185657886141
2644,0.936216566230843
2645,0.193609271815688
2646,0.002897838505554
2647,0.328376395563557
2648,0.079316797729661
2649,0.003746453092206
2650,0.323580715727932
2651,0.774189603570501
2652,0.004692223387708
2653,0.0425447023025
2654,0.996694830954353
2655,0.008820831670199
2656,0.081212427870951
2657,0.001843474900073
2658,0.002167739013439
2659,0.065069837821182
2660,0.003081353408156
2661,0.001812059766312
2662,0.997849450595882
2663,0.018072109301748
2664,0.002499381472837
2665,0.001672906915002
2666,0.596164388069479
2667,0.015816382515605
2668,0.002353680341542
2669,0.064567004252473
2670,0.997113875373831
2671,0.00226344793697
2672,0.07551359451827
2673,0.001783346273106
2674,0.0057259838663
2675,0.002188189472872
2676,0.002041395476368
2677,0.001788803282073
2678,0.003519347738997
2679,0.002243874083797
2680,0.019269438644725
2681,0.001649449483765
2682,0.003109266130699
2683,0.026956875704055
2684,0.00169128849243
2685,0.998109817583709
2686,0.004884602308132
2687,0.031679240267265
2688,0.518156000424821
2689,0.001757564660063
2690,0.009808165480115
2691,0.986163321074232
2692,0.024199205124231
2693,0.001983124871665
2694,0.997624620990379
2695,0.060578621979947
2696,0.973969027456954
2697,0.003207537516183
2698,0.007777032836155
2699,0.894666483886459
2700,0.001785159513988
2701,0.001696760417496
2702,0.001911491499542
2703,0.248932424760379
2704,0.002228400395523
2705,0.990826221769717
2706,0.001714790730933
2707,0.00234680359833
2708,0.007178206572507
2709,0.00184213805961
2710,0.685907992375654
2711,0.002313392036809
2712,0.046391549433012
2713,0.022140321729453
2714,0.005536137279067
2715,0.001657228695703
2716,0.002642533533224
2717,0.003639584563617
2718,0.001967416181861
2719,0.983833093487259
2720,0.538003756914487
2721,0.005006512177553
2722,0.002829104548952
2723,0.002504779769985
2724,0.002132428152583
2725,0.004734339862226
2726,0.001774419123027
2727,0.002179980988472
2728,0.004396523038174
2729,0.001666779375308
2730,0.001707540554639
2731,0.001720825974981
2732,0.001675939897645
2733,0.001597349853215
2734,0.005067071097587
2735,0.002915148517915
2736,0.002197513732051
2737,0.996845827400039
2738,0.009332395649353
2739,0.002262870410732
2740,0.576784107844404
2741,0.809761079667568
2742,0.985756409131705
2743,0.006523517491202
2744,0.005673247890554
2745,0.993765217380225
2746,0.003064822403832
2747,0.001631491019457
2748,0.002246795188527
2749,0.722686420942961
2750,0.002125916008755
2751,0.088155184468496
2752,0.010013877764447
2753,0.002148814912569
2754,0.005794641451807
2755,0.015227769193009
2756,0.315535591754879
2757,0.004099136156561
2758,0.001832914061413
2759,0.951999264626568
2760,0.002853196094728
2761,0.006814961474389
2762,0.904838941474347
2763,0.001713989574581
2764,0.003581933227664
2765,0.014733386196287
2766,0.479742378014368
2767,0.846550215880901
2768,0.284080401757374
2769,0.003125878509922
2770,0.001896899011476
2771,0.002059110173781
2772,0.003884969270617
2773,0.002163808524731
2774,0.002118435732069
2775,0.001634057708785
2776,0.001926578621339
2777,0.007644858686357
2778,0.0036687802207
2779,0.002341333150532
2780,0.40866171454771
2781,0.003147431431118
2782,0.00182745273193
2783,0.81293985928682
2784,0.009326166769806
2785,0.173914112028618
2786,0.001832049862078
2787,0.002122221839019
2788,0.002188173673332
2789,0.002201648895812
2790,0.007215921786757
2791,0.002047297062721
2792,0.002194208649021
2793,0.106692005966233
2794,0.002045567963774
2795,0.001854818866602
2796,0.012575420276156
2797,0.442128630950344
2798,0.834902315870375
2799,0.958952302077032
2800,0.00178935121174
2801,0.001829828998267
2802,0.021113550301869
2803,0.002220375866324
2804,0.092405280918412
2805,0.004413472053451
2806,0.002172626616961
2807,0.001957933495341
2808,0.975144676241627
2809,0.013816027370783
2810,0.002099294319261
2811,0.005864052197351
2812,0.001991427547888
2813,0.002116495446903
2814,0.516577769361813
2815,0.002445471963551
2816,0.001720690406363
2817,0.78514259258274
2818,0.00286260284214
2819,0.001741218066334
2820,0.00233875058746
2821,0.005114562823008
2822,0.002496149715825
2823,0.009817416332443
2824,0.001773991482844
2825,0.002429034350639
2826,0.00205161103327
2827,0.004463514820681
2828,0.001707943367037
2829,0.001869679835794
2830,0.641418065186492
2831,0.913232089695744
2832,0.001735190043212
2833,0.002803621363452
2834,0.994887327224612
2835,0.004320622478275
2836,0.005811067206274
2837,0.606131029609306
2838,0.02087278111158
2839,0.016648191246714
2840,0.002873432490653
2841,0.934563654242155
2842,0.002303639053624
2843,0.988647379207476
2844,0.00177454811366
2845,0.004271408891745
2846,0.006931217013416
2847,0.00310617592875
2848,0.002743488783184
2849,0.014476150739749
2850,0.001783859902014
2851,0.030423516604032
2852,0.001623119975592
2853,0.967518496201799
2854,0.001617458571452
2855,0.00245244324626
2856,0.006658925103807
2857,0.001767742501554
2858,0.006320205346857
2859,0.00491489719931
2860,0.001668769167173
2861,0.004359858407208
2862,0.006345843772536
2863,0.002651670289094
2864,0.001746018030926
2865,0.036315437963689
2866,0.023336963293273
2867,0.014169557811012
2868,0.002913971344387
2869,0.015558353310142
2870,0.002916012577299
2871,0.001881827657556
2872,0.997567976928351
2873,0.740508421082947
2874,0.001955018006828
2875,0.002148319138554
2876,0.001809098386511
2877,0.865687021204982
2878,0.342136223251213
2879,0.119272760906759
2880,0.002644067684277
2881,0.003811375094545
2882,0.816362201321148
2883,0.083809934273673
2884,0.967352697793588
2885,0.001733853511409
2886,0.006704037515845
2887,0.011063100297674
2888,0.014258051258125
2889,0.002056196946944
2890,0.007622916372802
2891,0.003155532030664
2892,0.002057282582297
2893,0.515190528732722
2894,0.004284448587902
2895,0.003605822714121
2896,0.840805447012984
2897,0.001747511997617
2898,0.003247391792504
2899,0.010042773961613
2900,0.00241343225706
2901,0.005989145501812
2902,0.416516669894419
2903,0.002110552561206
2904,0.043038600299409
2905,0.001884140793908
2906,0.003205356023892
2907,0.002268890677733
2908,0.001704297341316
2909,0.035653755732098
2910,0.047545328168166
2911,0.002532683516795
2912,0.00871440412803
2913,0.778111245166938
2914,0.003551148872395
2915,0.005363107700426
2916,0.327875111037093
2917,0.001745931281438
2918,0.448423614978611
2919,0.08722102055937
2920,0.003005301692466
2921,0.837183847057012
2922,0.003121446265943
2923,0.001773371884811
2924,0.090727638891589
2925,0.005744343434043
2926,0.001931811669761
2927,0.001786871606719
2928,0.003681004673342
2929,0.226342342651137
2930,0.752060273089179
2931,0.001864440000057
2932,0.012016653991732
2933,0.001699208016678
2934,0.002115818406498
2935,0.002482111535678
2936,0.82277709471399
2937,0.004789240899388
2938,0.024580106286338
2939,0.231486043364232
2940,0.002958726549405
2941,0.002616693299677
2942,0.013145645162929
2943,0.006184876945164
2944,0.00222038708891
2945,0.997533260825332
2946,0.002060722350818
2947,0.928924478061209
2948,0.043785748723978
2949,0.008361347365588
2950,0.001816193606453
2951,0.719967013002967
2952,0.00171979316058
2953,0.997782999032959
2954,0.732819720615587
2955,0.888335756689509
2956,0.003318281418421
2957,0.002445097095165
2958,0.001726497388787
2959,0.002037422224295
2960,0.008235050349269
2961,0.197313309713375
2962,0.00170354314104
2963,0.998925045599808
2964,0.001705865663693
2965,0.004454616578004
2966,0.006160117886466
2967,0.123145123380605
2968,0.309623312049603
2969,0.001747695552235
2970,0.002577352133743
2971,0.002163546954529
2972,0.991718274680163
2973,0.003528948130983
2974,0.712287034224734
2975,0.001676286149357
2976,0.001657542479505
2977,0.396619684868707
2978,0.201216575798812
2979,0.0061647358453
2980,0.564015152558105
2981,0.012520949687537
2982,0.002229010233214
2983,0.003147664807356
2984,0.001806688701042
2985,0.002896751675073
2986,0.00185109070762
2987,0.003140106974844
2988,0.95871979696779
2989,0.016231628366422
2990,0.013474392124948
2991,0.004099670371543
2992,0.002145912012714
2993,0.001981229133448
2994,0.004757524218094
2995,0.015106132706549
2996,0.001827332726162
2997,0.00334831970526
2998,0.002654766650555
2999,0.001888809653637
3000,0.449809785031195
3001,0.716190980864887
3002,0.001682240022524
3003,0.004019248699875
3004,0.002720805138802
3005,0.002248908205888
3006,0.002110187987436
3007,0.001618336048177
3008,0.992055506568999
3009,0.002674121247962
3010,0.00166248266708
3011,0.00514754265083
3012,0.004217654505294
3013,0.002514272439565
3014,0.154580442172625
3015,0.002363452068021
3016,0.002874566217891
3017,0.003050085980407
3018,0.00201138449983
3019,0.909736765570698
3020,0.007177380805361
3021,0.00261258516978
3022,0.002257896413993
3023,0.002115932122583
3024,0.026221745323499
3025,0.934738679173667
3026,0.035849293342822
3027,0.124270157881082
3028,0.0023618597084
3029,0.001736125756279
3030,0.350372185384082
3031,0.001904015501579
3032,0.005042000275511
3033,0.957020623916804
3034,0.00172554590458
3035,0.865568445284386
3036,0.007015527964163
3037,0.001848395920647
3038,0.001671971106678
3039,0.001786405424615
3040,0.003055439953747
3041,0.997338016721279
3042,0.018906428691475
3043,0.002619805280019
3044,0.001646805828854
3045,0.308533403138498
3046,0.553589341848019
3047,0.998498476636011
3048,0.996081750570908
3049,0.005434282172638
3050,0.004066935768571
3051,0.002025211870816
3052,0.010088735529102
3053,0.001981543113874
3054,0.002544877436069
3055,0.001775800021798
3056,0.001873958504921
3057,0.808145643615327
3058,0.992656765871933
3059,0.039586699990723
3060,0.008762919645439
3061,0.00276062280424
3062,0.004520873506703
3063,0.230116531669043
3064,0.066884639799366
3065,0.002108646693678
3066,0.001908012244735
3067,0.003018337470996
3068,0.010432248063441
3069,0.002030758644524
3070,0.003413850232843
3071,0.006420970568399
3072,0.030201211835352
3073,0.99589922611889
3074,0.001643038523978
3075,0.334807279469723
3076,0.007603853995643
3077,0.601300786132832
3078,0.001893803493599
3079,0.001910272901123
3080,0.003371985490434
3081,0.040073416143696
3082,0.002308468843114
3083,0.001616275573557
3084,0.001608658678269
3085,0.96624893445003
3086,0.003511343488401
3087,0.00255983595449
3088,0.519288027672029
3089,0.003692174190167
3090,0.003109316950819
3091,0.993027177345668
3092,0.003142096690358
3093,0.003196216804676
3094,0.003656187718319
3095,0.004172215455449
3096,0.020047320557583
3097,0.323414878133114
3098,0.012543859511394
3099,0.768599697199093
3100,0.94628363053107
3101,0.001704471866124
3102,0.006059545617846
3103,0.002833503557433
3104,0.007529701136001
3105,0.003651178875122
3106,0.001672639888727
3107,0.983206244676376
3108,0.010115115994848
3109,0.002274693128249
3110,0.034249506158839
3111,0.002101930614397
3112,0.930189317067624
3113,0.247691704899918
3114,0.001815653830851
3115,0.005332628368142
3116,0.002650814517613
3117,0.504523845054104
3118,0.004963480759491
3119,0.008118239142898
3120,0.005577625189776
3121,0.001653144092637
3122,0.001961042624046
3123,0.005660677218016
3124,0.7187378510489
3125,0.011274302974344
3126,0.001709912709687
3127,0.001768651141387
3128,0.002313403814491
3129,0.001793725182557
3130,0.011053441237159
3131,0.002463824678507
3132,0.00172224617501
3133,0.001629945738711
3134,0.001845253486242
3135,0.003938037187318
3136,0.003066875015694
3137,0.003889489444228
3138,0.002297893955186
3139,0.971737378669631
3140,0.013469679445737
3141,0.001853756464392
3142,0.001746327224323
3143,0.002781185774157
3144,0.061733499380458
3145,0.001694759099172
3146,0.002078065034546
3147,0.002642114433237
3148,0.001676286149357
3149,0.00693100101557
3150,0.002218951881554
3151,0.002294758319922
3152,0.001836398019161
3153,0.005022242819121
3154,0.05137571957074
3155,0.007611701524442
3156,0.001848485583526
3157,0.014581166807785
3158,0.001702328746759
3159,0.016807361543911
3160,0.004027824896718
3161,0.001645791381898
3162,0.886106991694991
3163,0.001695856642031
3164,0.001770529058622
3165,0.003187827906573
3166,0.001729212639384
3167,0.001995301893198
3168,0.00312620441745
3169,0.963889574219719
3170,0.003484878621809
3171,0.003254100335123
3172,0.002121322870966
3173,0.004137191896701
3174,0.005216761387779
3175,0.002171603669011
3176,0.006984279670925
3177,0.003659703274066
3178,0.010512266798689
3179,0.002044373951905
3180,0.00270813743027
3181,0.001591952521332
3182,0.003971793308306
3183,0.001745173799765
3184,0.001778846601914
3185,0.003744006835682
3186,0.004615977692447
3187,0.002213641621514
3188,0.002819140572936
3189,0.005314141343058
3190,0.006785731077306
3191,0.439871671609945
3192,0.347836122042576
3193,0.002356644812765
3194,0.003683913446752
3195,0.008283103063208
3196,0.022225263738782
3197,0.002205357071431
3198,0.003119348945051
3199,0.003723525639885
3200,0.00170300549994
3201,0.001927217883651
3202,0.002348312360758
3203,0.002787619554401
3204,0.004391723529177
3205,0.453123279550754
3206,0.992403871075687
3207,0.480191470220634
3208,0.003097437526143
3209,0.002175015373175
3210,0.212842336398028
3211,0.002176829396162
3212,0.998399917025727
3213,0.001775715531391
3214,0.002209232913911
3215,0.002114037227892
3216,0.00578113038181
3217,0.055059442374087
3218,0.014202071474937
3219,0.986976419175408
3220,0.002172710767923
3221,0.001708344152919
3222,0.001699075402359
3223,0.002211453161599
3224,0.860864450135522
3225,0.001875629713118
3226,0.992150574030196
3227,0.001732251491818
3228,0.001670425607045
3229,0.001747575756729
3230,0.004670594737875
3231,0.00166154268222
3232,0.00359268533597
3233,0.054151227774543
3234,0.001712260196529
3235,0.002152860580848
3236,0.961327246648813
3237,0.0104928445985
3238,0.001847907709844
3239,0.00192363151492
3240,0.002798026938313
3241,0.002514624681634
3242,0.001694357360759
3243,0.004284373757881
3244,0.003037051904904
3245,0.002268576319827
3246,0.001989307359392
3247,0.001835142019117
3248,0.005496268714104
3249,0.001984770534515
3250,0.003953207035559
3251,0.001734229533303
3252,0.006268705998933
3253,0.002761397765552
3254,0.00189957023124
3255,0.002423813932432
3256,0.024859411724866
3257,0.007396228468455
3258,0.928265127017652
3259,0.003546790196804
3260,0.004898941776266
3261,0.001649623280347
3262,0.002745422769959
3263,0.003716521738523
3264,0.002077896237525
3265,0.189693590358078
3266,0.98809259363254
3267,0.003860410796852
3268,0.926058804343741
3269,0.001792322791753
3270,0.001767154243644
3271,0.001759010554885
3272,0.900575555102003
3273,0.00201745944965
3274,0.002727765228893
3275,0.002060345052023
3276,0.001643765713698
3277,0.004073424916449
3278,0.002153376039971
3279,0.82924320710547
3280,0.002721937252969
3281,0.213965493624804
3282,0.003197979565156
3283,0.005736782829422
3284,0.002387373067004
3285,0.002096975525719
3286,0.00169486014172
3287,0.00196385947246
3288,0.001787913432332
3289,0.005948650483443
3290,0.002090552531272
3291,0.001945149911451
3292,0.001719504129205
3293,0.28463653286357
3294,0.002275451413722
3295,0.969845341124965
3296,0.246213481307099
3297,0.106318150552065
3298,0.004034544355198
3299,0.002561788439602
3300,0.220773201659868
3301,0.00179684017571
3302,0.003099797476069
3303,0.004154463977078
3304,0.001736435345141
3305,0.002198533331658
3306,0.002243003815835
3307,0.622837487517162
3308,0.002477267070821
3309,0.004326058986587
3310,0.004481850173344
3311,0.960730856205869
3312,0.002235330615003
3313,0.004164299609214
3314,0.001781687554132
3315,0.004184822158858
3316,0.002829561689796
3317,0.002510812421178
3318,0.00213379069258
3319,0.792675966194384
3320,0.002063381726921
3321,0.004408038556119
3322,0.010865978029488
3323,0.511646650764823
3324,0.690006643242351
3325,0.001821993605395
3326,0.001855481581646
3327,0.005088884749263
3328,0.001877973282762
3329,0.961721055470374
